Dependents,Credit_History,Loan_Amount_Log,Gender_Female,Gender_Male,Married_No,Married_Yes,Education_Graduate,Education_Not Graduate,Self_Employed_No,Self_Employed_Yes,Property_Area_Rural,Property_Area_Semiurban,Property_Area_Urban,Loan_Status,Total_Income,Total_Income_Log,EMI,Income_After_EMI
0.0,1.0,5.579729825986222,False,True,False,True,True,False,True,False,False,True,False,0,8250,9.017968479328726,0.7361111111111112,7513.888888888889
0.0,1.0,4.875197323201151,False,True,False,True,True,False,True,False,False,True,False,1,5858,8.675563527387679,0.3638888888888889,5494.111111111111
2.0,1.0,5.3471075307174685,False,True,False,True,True,False,True,False,False,True,False,1,7945,8.980298078970817,0.5833333333333334,7361.666666666667
0.0,1.0,4.852030263919617,False,True,False,True,True,False,True,False,False,True,False,1,5233,8.562740006372207,0.35555555555555557,4877.444444444444
0.0,0.0,4.584967478670572,False,True,True,False,True,False,True,False,False,True,False,0,4166,8.334711621820917,0.2722222222222222,3893.777777777778
0.0,1.0,6.345636360828596,False,True,False,True,True,False,True,False,True,False,False,0,24996,10.126471091048971,1.5833333333333333,23412.666666666668
3.0,1.0,4.867534450455582,False,True,False,True,False,True,False,True,False,True,False,1,5499,8.612321536507814,0.3611111111111111,5137.888888888889
2.0,0.0,4.718498871295094,False,True,False,True,False,True,True,False,True,False,False,0,5282,8.572060092857077,0.3111111111111111,4970.888888888889
0.0,1.0,4.68213122712422,True,False,False,True,True,False,True,False,False,True,False,1,3625,8.195609567288775,0.3,3325.0
0.0,1.0,5.231108616854587,False,True,True,False,True,False,True,False,True,False,False,1,9508,9.159888828480085,0.5194444444444445,8988.555555555555
1.0,0.0,5.081404364984463,False,True,False,True,False,True,True,False,False,True,False,1,6715,8.812099108957337,0.44722222222222224,6267.777777777777
2.0,1.0,5.231108616854587,False,True,False,True,False,True,True,False,False,True,False,0,7750,8.955448122347393,0.38958333333333334,7360.416666666667
0.0,1.0,4.465908118654584,False,True,False,True,True,False,True,False,True,False,False,1,2936,7.984803389734406,0.24166666666666667,2694.3333333333335
0.0,1.0,5.204006687076795,False,True,False,True,True,False,True,False,True,False,False,1,6873,8.835355971121606,0.5055555555555555,6367.444444444444
0.0,1.0,5.075173815233827,False,True,False,True,True,False,True,False,False,False,True,1,6256,8.741296282225147,0.4444444444444444,5811.555555555556
2.0,1.0,5.991464547107982,False,True,False,True,True,False,False,True,True,False,False,1,17500,9.769956159911606,1.1111111111111112,16388.88888888889
1.0,1.0,5.855071922202427,False,True,False,True,True,False,True,False,False,True,False,0,23809,10.077818939438902,0.9694444444444444,22839.555555555555
0.0,1.0,4.867534450455582,False,True,False,True,True,False,True,False,False,False,True,1,7083,8.865452825753623,0.3611111111111111,6721.888888888889
2.0,1.0,5.075173815233827,False,True,False,True,True,False,False,True,False,True,False,1,6666,8.804775258867686,0.4444444444444444,6221.555555555556
1.0,1.0,4.394449154672439,True,False,True,False,False,True,True,False,True,False,False,0,4606,8.43511508038063,0.225,4381.0
3.0,1.0,5.857933154483459,True,False,True,False,True,False,True,False,False,False,True,0,42083,10.647399137646048,1.9444444444444444,40138.555555555555
0.0,1.0,4.852030263919617,False,True,True,False,True,False,False,True,False,False,True,1,7167,8.877242435993919,0.35555555555555557,6811.444444444444
1.0,1.0,3.912023005428146,False,True,False,True,True,False,True,False,False,False,True,1,3988,8.291045131081729,0.20833333333333334,3779.6666666666665
0.0,1.0,5.017279836814924,False,True,True,False,True,False,True,False,True,False,False,1,7542,8.928242677818302,0.41944444444444445,7122.555555555556
0.0,1.0,4.418840607796598,False,True,True,False,True,False,False,True,False,False,True,0,11000,9.305650551780507,0.23055555555555557,10769.444444444445
0.0,1.0,5.19295685089021,False,True,False,True,True,False,False,True,True,False,False,1,9963,9.206633510044856,0.5,9463.0
0.0,1.0,4.836281906951478,False,True,True,False,False,True,True,False,True,False,False,1,4592,8.432070937999402,0.35,4242.0
2.0,1.0,4.584967478670572,True,False,False,True,False,True,True,False,False,True,False,1,3127,8.047829357457841,0.2722222222222222,2854.777777777778
0.0,1.0,3.58351893845611,True,False,False,True,True,False,True,False,False,True,False,1,3166,8.060224240440958,0.1,3066.0
2.0,0.0,4.844187086458591,False,True,False,True,True,False,True,False,False,True,False,0,4400,8.389359819906353,0.3527777777777778,4047.222222222222
0.0,1.0,4.727387818712341,False,True,True,False,True,False,True,False,False,False,True,0,3750,8.229511118964457,0.23541666666666666,3514.5833333333335
2.0,1.0,4.394449154672439,False,True,False,True,False,True,True,False,False,False,True,1,5093,8.535622326884605,0.225,4868.0
0.0,1.0,4.941642422609304,False,True,True,False,True,False,True,False,True,False,False,1,6500,8.779557455883728,0.3888888888888889,6111.111111111111
3.0,1.0,4.8283137373023015,False,True,False,True,False,True,False,True,False,False,True,1,7100,8.867850063029406,2.0833333333333335,5016.666666666666
0.0,1.0,4.8283137373023015,False,True,True,False,True,False,True,False,False,False,True,1,4950,8.507142855562735,0.3472222222222222,4602.777777777777
3.0,0.0,4.852030263919617,False,True,False,True,True,False,True,False,False,True,False,0,4680,8.451053388911692,0.35555555555555557,4324.444444444444
0.0,1.0,4.90527477843843,True,False,True,False,True,False,True,False,True,False,False,0,3418,8.136810863675537,0.375,3043.0
0.0,1.0,5.3471075307174685,False,True,True,False,True,False,True,False,False,False,True,1,8566,9.055556158175316,0.5833333333333334,7982.666666666667
0.0,1.0,5.739792912179234,False,True,True,False,True,False,True,False,True,False,False,0,9481,9.15704507491796,0.8638888888888889,8617.111111111111
1.0,1.0,4.442651256490317,False,True,False,True,True,False,True,False,False,False,True,1,3612,8.192016914536875,0.2361111111111111,3375.8888888888887
2.0,1.0,4.90527477843843,False,True,False,True,True,False,True,False,False,True,False,1,3760,8.23217423638394,0.375,3385.0
0.0,1.0,4.927253685157205,False,True,False,True,True,False,True,False,False,True,False,1,4663,8.44741429680832,0.38333333333333336,4279.666666666667
0.0,1.0,4.736198448394496,False,True,False,True,True,False,True,False,False,True,False,1,5167,8.550047528287184,0.31666666666666665,4850.333333333333
0.0,1.0,4.852030263919617,False,True,True,False,True,False,True,False,False,False,True,1,5849,8.674025985443025,0.35555555555555557,5493.444444444444
2.0,1.0,5.056245805348308,False,True,False,True,False,True,True,False,True,False,False,1,5398,8.59378379357795,0.4361111111111111,4961.888888888889
3.0,0.0,6.20455776256869,False,True,False,True,True,False,True,False,False,True,False,0,16816,9.730086093116732,1.375,15441.0
2.0,1.0,5.10594547390058,False,True,False,True,True,False,True,False,True,False,False,1,11500,9.350102314351341,0.4583333333333333,11041.666666666666
0.0,0.0,4.634728988229636,True,False,True,False,True,False,True,False,False,True,False,0,3300,8.101677747454572,0.2861111111111111,3013.8888888888887
0.0,0.0,5.342334251964811,False,True,True,False,True,False,True,False,True,False,False,0,10699,9.277905558138606,0.5805555555555556,10118.444444444445
3.0,1.0,4.852030263919617,False,True,False,True,False,True,True,False,False,True,False,0,4931,8.503297086224126,0.35555555555555557,4575.444444444444
0.0,0.0,4.7535901911063645,False,True,False,True,False,True,True,False,False,True,False,0,4511,8.414274137408396,0.32222222222222224,4188.777777777777
0.0,1.0,4.770684624465665,False,True,False,True,True,False,True,False,False,False,True,1,4301,8.366602832783736,0.3277777777777778,3973.222222222222
0.0,1.0,5.0369526024136295,True,False,False,True,True,False,True,False,False,True,False,1,5450,8.60337088765729,0.42777777777777776,5022.222222222223
0.0,1.0,5.1647859739235145,False,True,False,True,True,False,True,False,False,True,False,1,9862,9.196444266784072,0.4861111111111111,9375.888888888889
1.0,1.0,4.110873864173311,False,True,False,True,True,False,True,False,True,False,False,0,1880,7.539027055823995,0.16944444444444445,1710.5555555555557
1.0,1.0,5.0238805208462765,False,True,True,False,True,False,True,False,False,True,False,1,37719,10.537919225261291,0.4222222222222222,37296.77777777778
0.0,1.0,4.890349128221754,False,True,False,True,False,True,True,False,True,False,False,0,4887,8.494333897270154,0.36944444444444446,4517.555555555556
0.0,1.0,4.852030263919617,False,True,False,True,True,False,True,False,False,True,False,1,5833,8.671286726753637,0.35555555555555557,5477.444444444444
2.0,1.0,4.700480365792417,False,True,False,True,False,True,True,False,True,False,False,1,4652,8.445052513638554,0.3055555555555556,4346.444444444444
2.0,1.0,5.231108616854587,False,True,False,True,True,False,True,False,False,False,True,1,11757,9.372204086867741,1.038888888888889,10718.111111111111
0.0,1.0,4.934473933130692,False,True,False,True,True,False,True,False,True,False,False,1,5491,8.610865667278873,0.3861111111111111,5104.888888888889
0.0,0.0,4.653960350157523,True,False,False,True,True,False,False,True,True,False,False,0,5500,8.612503371220562,0.2916666666666667,5208.333333333333
0.0,0.0,5.198497031265826,False,True,False,True,False,True,True,False,False,False,True,0,4787,8.473659189392508,0.5027777777777778,4284.222222222223
0.0,1.0,5.043425116919247,False,True,False,True,False,True,True,False,True,False,False,1,5686,8.645762292210945,0.4305555555555556,5255.444444444444
0.0,1.0,4.897839799950911,False,True,True,False,True,False,True,False,False,True,False,1,4269,8.359134886757962,0.37222222222222223,3896.777777777778
0.0,1.0,4.672828834461906,False,True,False,True,False,True,True,False,True,False,False,1,4300,8.366370301681654,0.2972222222222222,4002.777777777778
0.0,1.0,4.867534450455582,False,True,True,False,False,True,True,False,False,True,False,1,6783,8.82217476094608,0.3611111111111111,6421.888888888889
0.0,0.0,5.181783550292085,True,False,False,True,False,True,True,False,False,True,False,0,5386,8.591558273371545,0.49444444444444446,4891.555555555556
0.0,1.0,4.859812404361672,False,True,False,True,True,False,True,False,True,False,False,1,5772,8.660773919893762,0.35833333333333334,5413.666666666667
1.0,0.0,5.655991810819852,True,False,False,True,True,False,False,True,False,False,True,0,11500,9.350102314351341,0.7944444444444444,10705.555555555555
0.0,1.0,4.499809670330265,False,True,False,True,True,False,True,False,False,False,True,1,3677,8.209852481301272,0.25,3427.0
1.0,1.0,3.784189633918261,False,True,False,True,True,False,True,False,False,False,True,1,5649,8.639233817325263,0.12222222222222222,5526.777777777777
0.0,1.0,4.804021044733257,False,True,True,False,True,False,True,False,False,True,False,1,4133,8.326758814511733,0.3388888888888889,3794.1111111111113
0.0,1.0,4.836281906951478,False,True,True,False,True,False,True,False,True,False,False,1,4690,8.453187861440325,0.35,4340.0
2.0,0.0,5.375278407684165,False,True,False,True,True,False,True,False,False,False,True,0,7400,8.909235279192261,0.6,6800.0
1.0,0.0,5.062595033026967,False,True,True,False,False,True,False,True,False,False,True,0,6479,8.776321456449958,0.4388888888888889,6040.111111111111
1.0,1.0,5.135798437050262,False,True,False,True,True,False,True,False,False,True,False,0,5708,8.649623978596727,0.4722222222222222,5235.777777777777
0.0,0.0,4.890349128221754,True,False,True,False,True,False,False,True,False,True,False,0,4583,8.430109084509125,0.36944444444444446,4213.555555555556
1.0,1.0,4.653960350157523,True,False,False,True,True,False,True,False,False,True,False,1,4239,8.352082671352637,1.25,2989.0
2.0,1.0,4.0943445622221,False,True,False,True,False,True,True,False,False,False,True,1,3414,8.135639903354386,0.2,3214.0
0.0,1.0,4.812184355372417,False,True,False,True,False,True,True,False,False,True,False,1,7823,8.96482339168508,0.3416666666666667,7481.333333333333
2.0,1.0,4.727387818712341,False,True,False,True,False,True,True,False,False,True,False,1,3618,8.193676665955241,0.6277777777777778,2990.222222222222
0.0,1.0,4.430816798843313,True,False,True,False,True,False,True,False,False,True,False,1,2917,7.978310969867722,0.23333333333333334,2683.6666666666665
1.0,0.0,5.0238805208462765,False,True,False,True,True,False,True,False,False,True,False,0,8300,9.02401079378469,0.5066666666666667,7793.333333333333
2.0,1.0,5.616771097666572,False,True,False,True,True,False,True,False,False,False,True,1,16666,9.721125994942152,0.7638888888888888,15902.111111111111
0.0,1.0,4.852030263919617,False,True,True,False,True,False,False,True,False,True,False,1,5166,8.549853973655786,0.35555555555555557,4810.444444444444
1.0,1.0,6.214608098422191,False,True,False,True,True,False,True,False,False,False,True,0,18333,9.816457993563025,1.3888888888888888,16944.11111111111
0.0,0.0,4.912654885736052,True,False,True,False,True,False,True,False,False,True,False,0,4300,8.366370301681654,0.37777777777777777,3922.222222222222
0.0,1.0,4.976733742420574,False,True,True,False,True,False,True,False,True,False,False,1,4309,8.368461137615839,0.4027777777777778,3906.222222222222
2.0,1.0,5.476463551931511,False,True,False,True,True,False,False,True,False,False,True,0,21600,9.980448593672257,0.6638888888888889,20936.11111111111
0.0,1.0,4.59511985013459,True,False,True,False,True,False,False,True,False,True,False,0,4317,8.370315995555478,0.33,3987.0
2.0,1.0,4.672828834461906,False,True,True,False,True,False,True,False,False,True,False,1,3617,8.193400231952097,0.2972222222222222,3319.777777777778
1.0,1.0,4.941642422609304,True,False,False,True,True,False,True,False,False,True,False,1,7453,8.916371914881694,0.7777777777777778,6675.222222222223
0.0,1.0,5.017279836814924,True,False,True,False,True,False,True,False,True,False,False,0,7541,8.928110078202646,0.3145833333333333,7226.416666666667
0.0,1.0,4.8283137373023015,False,True,False,True,True,False,True,False,False,True,False,1,5690,8.646465527120377,0.3472222222222222,5342.777777777777
0.0,1.0,5.267858159063328,False,True,False,True,False,True,True,False,True,False,False,1,6314,8.750524669117937,0.5388888888888889,5775.111111111111
3.0,1.0,4.997212273764115,False,True,True,False,False,True,True,False,False,True,False,1,6700,8.809862805379057,0.4111111111111111,6288.888888888889
3.0,1.0,4.727387818712341,False,True,False,True,False,True,True,False,True,False,False,1,3095,8.037543185118697,0.3138888888888889,2781.1111111111113
0.0,1.0,4.787491742782046,False,True,False,True,True,False,False,True,False,True,False,1,43897,10.689601259598334,0.3333333333333333,43563.666666666664
1.0,1.0,4.919980925828125,False,True,False,True,False,True,True,False,False,False,True,1,6608,8.796036315200814,0.7611111111111111,5846.888888888889
1.0,1.0,4.727387818712341,False,True,False,True,True,False,True,False,False,False,True,0,4939,8.504918160540624,0.3138888888888889,4625.111111111111
0.0,1.0,4.700480365792417,False,True,False,True,True,False,True,False,False,True,False,1,3775,8.236155661683124,0.3055555555555556,3469.4444444444443
0.0,1.0,4.912654885736052,False,True,False,True,True,False,True,False,False,False,True,1,11146,9.318835968129482,0.37777777777777777,10768.222222222223
0.0,1.0,6.077642243349034,False,True,False,True,True,False,True,False,False,True,False,1,14583,9.587611745713565,1.211111111111111,13371.888888888889
0.0,1.0,4.30406509320417,False,True,True,False,True,False,True,False,False,False,True,0,3167,8.06054004653864,0.20555555555555555,2961.4444444444443
0.0,1.0,4.02535169073515,False,True,False,True,True,False,True,False,False,True,False,1,6416,8.766550149546351,0.3111111111111111,6104.888888888889
3.0,1.0,4.605170185988092,False,True,False,True,True,False,False,True,True,False,False,1,7101,8.867990898182093,0.2777777777777778,6823.222222222223
0.0,1.0,5.081404364984463,False,True,True,False,True,False,True,False,False,False,True,1,6099,8.715880102296456,0.44722222222222224,5651.777777777777
1.0,1.0,5.087596335232384,False,True,False,True,True,False,False,True,False,True,False,1,5529,8.617762246337932,0.45,5079.0
0.0,1.0,4.852030263919617,False,True,False,True,False,True,True,False,False,False,True,0,6200,8.732304571033183,0.7111111111111111,5488.888888888889
0.0,1.0,4.770684624465665,False,True,True,False,True,False,True,False,False,True,False,1,5050,8.527143522269405,0.3277777777777778,4722.222222222223
1.0,1.0,4.90527477843843,False,True,False,True,False,True,True,False,False,False,True,1,4583,8.430109084509125,0.375,4208.0
0.0,1.0,5.123963979403259,False,True,True,False,True,False,True,False,False,False,True,1,5417,8.597297435657898,0.4666666666666667,4950.333333333333
0.0,1.0,5.231108616854587,False,True,False,True,True,False,True,False,True,False,False,1,8875,9.090993614343617,0.5194444444444445,8355.555555555555
3.0,0.0,5.062595033026967,False,True,False,True,True,False,True,False,False,True,False,0,5540,8.61974977974133,0.4388888888888889,5101.111111111111
1.0,1.0,5.278114659230517,False,True,True,False,True,False,True,False,False,True,False,0,11250,9.328123407632566,0.5444444444444444,10705.555555555555
0.0,1.0,4.74493212836325,False,True,False,True,True,False,True,False,False,False,True,1,6100,8.716044050161402,0.3194444444444444,5780.555555555556
3.0,1.0,4.394449154672439,False,True,False,True,False,True,True,False,True,False,False,0,3522,8.166784289056151,0.45,3072.0
0.0,1.0,4.700480365792417,False,True,False,True,True,False,True,False,False,True,False,1,16692,9.722684841711443,0.3055555555555556,16386.444444444445
0.0,1.0,4.564348191467836,False,True,False,True,True,False,True,False,False,True,False,1,3723,8.222285073872717,0.26666666666666666,3456.3333333333335
1.0,1.0,4.718498871295094,True,False,True,False,True,False,True,False,False,True,False,1,3541,8.172164452111904,0.3111111111111111,3229.8888888888887
0.0,0.0,5.0238805208462765,False,True,False,True,False,True,True,False,True,False,False,0,6753,8.817742129574842,0.4222222222222222,6330.777777777777
1.0,1.0,5.153291594497779,False,True,False,True,True,False,True,False,False,True,False,1,5900,8.68270762989381,0.48055555555555557,5419.444444444444
0.0,1.0,4.262679877041316,False,True,True,False,True,False,True,False,False,False,True,1,2833,7.949091499830517,0.19722222222222222,2635.777777777778
0.0,1.0,4.74493212836325,False,True,False,True,True,False,True,False,False,True,False,1,4567,8.426611813185,0.3194444444444444,4247.555555555556
0.0,1.0,4.969813299576001,True,False,True,False,True,False,True,False,False,True,False,1,6275,8.744328763999984,0.4,5875.0
2.0,1.0,4.499809670330265,False,True,False,True,True,False,True,False,False,True,False,1,3900,8.268731832117737,0.25,3650.0
0.0,1.0,5.25227342804663,False,True,False,True,True,False,False,True,False,True,False,1,9560,9.165343006045447,0.5305555555555556,9029.444444444445
0.0,1.0,4.912654885736052,False,True,False,True,True,False,True,False,False,False,True,1,4750,8.465899897028686,0.37777777777777777,4372.222222222223
0.0,1.0,5.147494476813453,False,True,True,False,True,False,True,False,True,False,False,1,7977,8.984317679911129,0.4777777777777778,7499.222222222223
0.0,0.0,4.0943445622221,False,True,False,True,True,False,True,False,False,False,True,0,2221,7.7057128238944275,0.16666666666666666,2054.3333333333335
0.0,1.0,4.962844630259907,False,True,False,True,True,False,True,False,False,True,False,1,4765,8.469052816088302,0.3972222222222222,4367.777777777777
0.0,1.0,4.852030263919617,False,True,True,False,False,True,True,False,False,False,True,0,2000,7.600902459542082,0.35555555555555557,1644.4444444444443
0.0,1.0,4.787491742782046,False,True,True,False,True,False,False,True,False,False,True,0,10383,9.247925132303454,0.6666666666666666,9716.333333333334
0.0,1.0,4.007333185232471,True,False,True,False,True,False,False,True,False,True,False,1,15759,9.665166909622071,0.1527777777777778,15606.222222222223
0.0,1.0,3.912023005428146,False,True,True,False,True,False,True,False,False,False,True,1,3254,8.087640287778983,0.1388888888888889,3115.1111111111113
3.0,1.0,5.91350300563827,False,True,False,True,True,False,True,False,True,False,False,1,23803,10.077566902136047,1.0277777777777777,22775.222222222223
0.0,1.0,4.867534450455582,True,False,False,True,True,False,True,False,False,True,False,1,2928,7.982074875081202,0.3611111111111111,2566.8888888888887
1.0,1.0,4.852030263919617,True,False,True,False,True,False,False,True,False,True,False,1,7451,8.916103530553727,0.35555555555555557,7095.444444444444
0.0,1.0,5.231108616854587,False,True,False,True,True,False,True,False,False,True,False,1,11333,9.335474102732949,0.5194444444444445,10813.555555555555
0.0,1.0,4.90527477843843,False,True,False,True,True,False,True,False,True,False,False,0,5566,8.624431942085836,0.375,5191.0
0.0,1.0,4.584967478670572,False,True,True,False,True,False,True,False,False,True,False,1,2935,7.984462732262196,0.2722222222222222,2662.777777777778
0.0,1.0,4.969813299576001,False,True,True,False,True,False,True,False,False,True,False,1,5762,8.659039915644474,0.4,5362.0
0.0,0.0,4.330733340286331,True,False,True,False,True,False,True,False,False,False,True,0,3510,8.163371316459912,0.2111111111111111,3298.8888888888887
1.0,1.0,4.394449154672439,True,False,True,False,True,False,True,False,False,True,False,0,4723,8.460199469896118,0.225,4498.0
3.0,1.0,5.541263545158426,True,False,True,False,True,False,True,False,True,False,False,1,3083,8.03365842788615,0.7083333333333334,2374.6666666666665
0.0,1.0,4.605170185988092,False,True,False,True,True,False,True,False,False,False,True,1,3539,8.171599480345463,0.2777777777777778,3261.222222222222
0.0,1.0,4.248495242049359,True,False,True,False,False,True,True,False,False,True,False,1,2165,7.68017564043659,0.19444444444444445,1970.5555555555557
0.0,1.0,3.871201010907891,False,True,True,False,False,True,True,False,True,False,False,1,4885,8.493924564476883,0.13333333333333333,4751.666666666667
0.0,1.0,4.700480365792417,True,False,False,True,True,False,True,False,False,False,True,0,6784,8.822322177471738,0.3055555555555556,6478.444444444444
3.0,1.0,5.056245805348308,False,True,False,True,True,False,True,False,True,False,False,1,6417,8.766705997750515,0.8722222222222222,5544.777777777777
0.0,1.0,5.69035945432406,False,True,True,False,True,False,True,False,False,True,False,1,10173,9.227492430793749,0.8222222222222222,9350.777777777777
0.0,1.0,3.218875824868201,False,True,True,False,False,True,True,False,False,True,False,1,3620,8.194229304819817,0.20833333333333334,3411.6666666666665
1.0,0.0,5.19295685089021,False,True,False,True,True,False,True,False,False,False,True,0,13650,9.521494800613105,0.5,13150.0
0.0,1.0,3.828641396489095,True,False,True,False,True,False,True,False,True,False,False,0,2378,7.774015077250727,0.12777777777777777,2250.222222222222
3.0,0.0,4.852030263919617,True,False,True,False,False,True,True,False,False,False,True,0,1830,7.512071245835466,0.35555555555555557,1474.4444444444443
3.0,1.0,4.820281565605037,False,True,False,True,True,False,True,False,False,True,False,1,4531,8.418697944667139,0.34444444444444444,4186.555555555556
2.0,1.0,5.58724865840025,False,True,False,True,True,False,False,True,False,False,True,1,9613,9.170871628065816,0.7416666666666667,8871.333333333334
0.0,1.0,4.477336814478207,True,False,True,False,True,False,True,False,False,False,True,1,3410,8.134467570277563,0.24444444444444444,3165.5555555555557
0.0,1.0,4.882801922586371,True,False,True,False,True,False,True,False,True,False,False,1,5000,8.517193191416238,0.36666666666666664,4633.333333333333
1.0,1.0,4.852030263919617,False,True,False,True,False,True,True,False,True,False,False,1,4867,8.490233009833455,0.35555555555555557,4511.444444444444
0.0,1.0,4.007333185232471,False,True,True,False,True,False,True,False,False,True,False,1,2500,7.824046010856292,0.1527777777777778,2347.222222222222
1.0,1.0,4.605170185988092,False,True,True,False,False,True,True,False,False,False,True,1,3596,8.18757739559151,0.4166666666666667,3179.3333333333335
0.0,0.0,4.787491742782046,True,False,False,True,True,False,True,False,False,False,True,0,6085,8.713582005421628,0.3333333333333333,5751.666666666667
0.0,1.0,4.955827057601261,False,True,False,True,True,False,True,False,True,False,False,1,7159,8.876125585396185,0.7888888888888889,6370.111111111111
1.0,1.0,4.927253685157205,False,True,False,True,False,True,True,False,True,False,False,0,9352,9.143345503151904,0.38333333333333336,8968.666666666666
0.0,1.0,4.787491742782046,False,True,False,True,False,True,True,False,False,False,True,1,4941,8.50532301884575,0.3333333333333333,4607.666666666667
1.0,1.0,5.075173815233827,False,True,False,True,True,False,True,False,True,False,False,1,5938,8.689127655323706,0.4444444444444444,5493.555555555556
0.0,0.0,4.499809670330265,False,True,False,True,True,False,True,False,True,False,False,1,4949,8.506940814951886,0.5,4449.0
0.0,1.0,4.700480365792417,True,False,True,False,True,False,True,False,False,False,True,1,4223,8.348301054933943,0.3055555555555556,3917.4444444444443
0.0,1.0,4.248495242049359,False,True,False,True,True,False,True,False,False,True,False,0,8796,9.082052351674651,0.3888888888888889,8407.111111111111
0.0,1.0,4.709530201312334,False,True,True,False,False,True,True,False,False,True,False,1,5332,8.5814816812986,0.30833333333333335,5023.666666666667
0.0,1.0,5.135798437050262,False,True,False,True,True,False,True,False,True,False,False,0,3250,8.086410275323782,0.4722222222222222,2777.777777777778
0.0,1.0,4.804021044733257,False,True,False,True,True,False,True,False,False,True,False,1,5052,8.527539483470381,0.3388888888888889,4713.111111111111
0.0,0.0,5.231108616854587,False,True,True,False,True,False,False,True,False,False,True,0,10416,9.251098364448351,0.5194444444444445,9896.555555555555
0.0,1.0,4.787491742782046,True,False,True,False,True,False,True,False,True,False,False,1,7200,8.881836305004146,0.3333333333333333,6866.666666666667
0.0,1.0,4.605170185988092,True,False,False,True,False,True,True,False,False,True,False,1,3572,8.18088094199639,0.2777777777777778,3294.222222222222
0.0,1.0,5.298317366548036,False,True,True,False,True,False,False,True,True,False,False,1,6400,8.764053269347762,0.5555555555555556,5844.444444444444
0.0,1.0,4.969813299576001,True,False,False,True,True,False,True,False,False,True,False,1,5126,8.542080906924017,0.4,4726.0
1.0,1.0,5.231108616854587,False,True,False,True,True,False,True,False,False,False,True,1,9538,9.16303909885817,0.5194444444444445,9018.555555555555
0.0,1.0,4.804021044733257,True,False,True,False,True,False,False,True,False,False,True,1,3463,8.149890544402423,0.3388888888888889,3124.1111111111113
0.0,1.0,4.543294782270004,False,True,True,False,True,False,True,False,False,True,False,1,4750,8.465899897028686,0.2611111111111111,4488.888888888889
0.0,1.0,4.7535901911063645,False,True,False,True,True,False,True,False,True,False,False,1,5461,8.605387202152153,0.32222222222222224,5138.777777777777
3.0,1.0,5.010635294096256,False,True,False,True,True,False,True,False,True,False,False,1,6894,8.83840674707681,0.4166666666666667,6477.333333333333
0.0,1.0,6.173786103901937,False,True,False,True,True,False,True,False,False,False,True,1,27500,10.221941283654663,1.3333333333333333,26166.666666666668
0.0,1.0,4.787491742782046,False,True,True,False,True,False,True,False,True,False,False,1,4191,8.340694647925071,0.3333333333333333,3857.6666666666665
0.0,0.0,4.812184355372417,False,True,False,True,False,True,True,False,False,True,False,0,4874,8.491670234185152,0.3416666666666667,4532.333333333333
0.0,1.0,4.248495242049359,False,True,False,True,True,False,False,True,False,True,False,1,9993,9.209640126861789,0.19444444444444445,9798.555555555555
3.0,1.0,5.676753802268282,False,True,True,False,True,False,False,True,False,True,False,1,9357,9.143880005275912,0.8111111111111111,8545.888888888889
2.0,1.0,6.173786103901937,False,True,False,True,True,False,False,True,True,False,False,1,15114,9.623376745580666,1.3333333333333333,13780.666666666666
1.0,1.0,5.7430031878094825,False,True,False,True,True,False,True,False,False,False,True,1,10750,9.28266103355581,0.8666666666666667,9883.333333333334
0.0,1.0,4.204692619390966,True,False,True,False,True,False,True,False,False,False,True,1,2500,7.824046010856292,0.18611111111111112,2313.8888888888887
0.0,0.0,4.143134726391533,False,True,True,False,True,False,True,False,False,True,False,0,2237,7.71289096149013,0.13125,2105.75
1.0,1.0,5.204006687076795,False,True,False,True,True,False,False,True,False,False,True,1,11666,9.364433907313582,1.011111111111111,10654.888888888889
1.0,0.0,4.795790545596741,False,True,False,True,True,False,True,False,False,True,False,0,4369,8.382289428951436,0.33611111111111114,4032.8888888888887
2.0,1.0,5.220355825078324,False,True,False,True,False,True,True,False,True,False,False,1,7667,8.944680683558895,0.5138888888888888,7153.111111111111
0.0,1.0,4.330733340286331,False,True,True,False,True,False,True,False,False,True,False,1,3858,8.257904193465674,0.2111111111111111,3646.8888888888887
0.0,1.0,5.497168225293202,False,True,True,False,True,False,True,False,False,False,True,0,9166,9.123256265069069,0.6777777777777778,8488.222222222223
1.0,1.0,4.204692619390966,False,True,False,True,True,False,True,False,False,False,True,0,3875,8.262300941787448,0.18611111111111112,3688.8888888888887
0.0,1.0,5.1647859739235145,False,True,False,True,True,False,True,False,True,False,False,1,15666,9.659248037927183,0.5833333333333334,15082.666666666666
0.0,1.0,4.605170185988092,True,False,True,False,True,False,True,False,False,True,False,1,3159,8.058010800802085,0.2777777777777778,2881.222222222222
3.0,1.0,4.605170185988092,False,True,False,True,True,False,True,False,False,False,True,1,4281,8.361941906144946,0.2777777777777778,4003.222222222222
0.0,1.0,4.852030263919617,False,True,False,True,True,False,True,False,False,True,False,1,8235,9.016148642611741,0.35555555555555557,7879.444444444444
0.0,1.0,5.267858159063328,True,False,True,False,True,False,False,True,True,False,False,0,7441,8.914760527397261,0.5388888888888889,6902.111111111111
3.0,1.0,5.231108616854587,False,True,False,True,True,False,False,True,False,True,False,1,7040,8.859363449152088,0.5194444444444445,6520.555555555556
0.0,1.0,3.912023005428146,False,True,True,False,True,False,True,False,False,True,False,1,3777,8.236685322712457,0.1388888888888889,3638.1111111111113
2.0,1.0,5.3230099791384085,False,True,False,True,True,False,False,True,False,True,False,0,6000,8.699514748210191,0.8541666666666666,5145.833333333333
0.0,1.0,5.556828061699537,True,False,True,False,True,False,True,False,False,False,True,1,10408,9.250330020192342,0.7194444444444444,9688.555555555555
2.0,0.0,3.80666248977032,False,True,False,True,False,True,True,False,False,False,True,0,2889,7.968665700466235,0.25,2639.0
1.0,0.0,4.700480365792417,False,True,False,True,True,False,True,False,False,False,True,0,8917,9.095714846134879,0.3055555555555556,8611.444444444445
0.0,1.0,4.709530201312334,False,True,False,True,True,False,True,False,False,False,True,1,7482,8.920255414908091,9.25,-1768.0
0.0,1.0,4.007333185232471,False,True,True,False,False,True,True,False,True,False,False,1,6506,8.780480107033297,0.1527777777777778,6353.222222222223
2.0,1.0,4.8283137373023015,False,True,False,True,True,False,True,False,True,False,False,1,4913,8.499640032168648,0.3472222222222222,4565.777777777777
0.0,1.0,4.948759890378168,False,True,True,False,True,False,False,True,True,False,False,1,6822,8.82790796297859,0.39166666666666666,6430.333333333333
3.0,1.0,4.553876891600541,False,True,False,True,True,False,True,False,True,False,False,1,4749,8.465689348549121,0.2638888888888889,4485.111111111111
0.0,1.0,4.852030263919617,False,True,True,False,True,False,True,False,False,True,False,0,6767,8.819813136232225,0.35555555555555557,6411.444444444444
2.0,1.0,5.123963979403259,False,True,False,True,True,False,True,False,False,False,True,1,5532,8.61830469278465,0.4666666666666667,5065.333333333333
3.0,1.0,5.220355825078324,False,True,True,False,True,False,True,False,True,False,False,1,9167,9.123365357961776,0.5138888888888888,8653.111111111111
0.0,0.0,4.605170185988092,False,True,False,True,True,False,True,False,False,False,True,0,3158,8.057694194815587,0.2777777777777778,2880.222222222222
2.0,1.0,4.859812404361672,False,True,False,True,False,True,True,False,True,False,False,0,5630,8.635864721133736,0.35833333333333334,5271.666666666667
1.0,1.0,5.631211781821365,False,True,False,True,False,True,True,False,False,True,False,1,9762,9.186252576447092,1.55,8212.0
1.0,1.0,4.564348191467836,False,True,False,True,True,False,True,False,False,False,True,1,3428,8.13973227971767,0.26666666666666666,3161.3333333333335
0.0,1.0,3.970291913552122,True,False,True,False,False,True,True,False,False,True,False,1,1963,7.5822291942764615,0.14722222222222223,1815.7777777777778
2.0,1.0,4.969813299576001,False,True,False,True,False,True,True,False,False,False,True,1,6216,8.734881892047483,0.4,5816.0
0.0,1.0,4.934473933130692,True,False,False,True,True,False,True,False,False,True,False,1,5262,8.568266461600238,0.3861111111111111,4875.888888888889
0.0,1.0,4.890349128221754,False,True,True,False,False,True,True,False,True,False,False,0,6216,8.734881892047483,0.36944444444444446,5846.555555555556
0.0,1.0,4.787491742782046,False,True,False,True,True,False,True,False,False,False,True,1,5740,8.655214489313613,0.6666666666666666,5073.333333333333
0.0,1.0,4.882801922586371,False,True,True,False,False,True,False,True,False,True,False,1,5800,8.66561319653451,0.36666666666666664,5433.333333333333
1.0,1.0,5.043425116919247,True,False,True,False,True,False,True,False,False,True,False,0,3481,8.15507488781144,4.305555555555555,-824.5555555555557
0.0,1.0,4.6443908991413725,False,True,False,True,True,False,True,False,False,False,True,1,3819,8.247743887225516,0.28888888888888886,3530.1111111111113
1.0,1.0,4.90527477843843,True,False,False,True,True,False,True,False,False,False,True,1,4666,8.448057452581375,0.375,4291.0
0.0,0.0,4.770684624465665,False,True,True,False,True,False,True,False,True,False,False,0,6277,8.744647438317532,0.3277777777777778,5949.222222222223
2.0,1.0,5.010635294096256,False,True,False,True,True,False,True,False,False,True,False,1,6095,8.715224041915372,0.4166666666666667,5678.333333333333
0.0,1.0,5.375278407684165,False,True,False,True,True,False,True,False,True,False,False,1,6525,8.783396232190894,0.6,5925.0
1.0,1.0,4.553876891600541,True,False,True,False,True,False,True,False,False,True,False,1,3652,8.20303024171486,0.2638888888888889,3388.1111111111113
0.0,1.0,5.214935757608986,False,True,True,False,True,False,True,False,False,False,True,1,11376,9.339261152043022,0.5111111111111111,10864.888888888889
0.0,1.0,4.007333185232471,False,True,False,True,True,False,True,False,True,False,False,0,4915,8.500047032581268,0.1527777777777778,4762.222222222223
0.0,0.0,4.6443908991413725,True,False,True,False,True,False,True,False,False,False,True,0,4263,8.35772841676521,0.28888888888888886,3974.1111111111113
0.0,1.0,4.727387818712341,True,False,False,True,True,False,True,False,False,True,False,1,6232,8.737452587550584,0.3138888888888889,5918.111111111111
0.0,1.0,5.0369526024136295,True,False,True,False,False,True,True,False,True,False,False,1,4350,8.37793112408273,0.42777777777777776,3922.222222222222
0.0,0.0,4.820281565605037,False,True,True,False,True,False,True,False,True,False,False,0,5124,8.541690663016626,0.34444444444444444,4779.555555555556
2.0,1.0,4.248495242049359,True,False,False,True,True,False,True,False,False,False,True,1,14866,9.60683200528524,0.19444444444444445,14671.555555555555
2.0,0.0,4.382026634673881,False,True,True,False,True,False,True,False,True,False,False,0,3547,8.173857454773621,0.2222222222222222,3324.777777777778
0.0,1.0,4.624972813284271,True,False,False,True,False,True,True,False,False,True,False,1,3680,8.210668031162976,0.2833333333333333,3396.6666666666665
1.0,1.0,3.4011973816621555,False,True,False,True,True,False,True,False,False,False,True,1,2963,7.993957547573565,0.08333333333333333,2879.6666666666665
0.0,1.0,4.605170185988092,False,True,True,False,True,False,True,False,False,False,True,1,3750,8.229511118964457,0.2777777777777778,3472.222222222222
0.0,1.0,5.556828061699537,False,True,False,True,True,False,True,False,False,True,False,1,10916,9.29798488182823,0.7194444444444444,10196.555555555555
1.0,0.0,5.929589143389895,False,True,False,True,True,False,False,True,True,False,False,0,13649,9.521421537856195,1.0444444444444445,12604.555555555555
0.0,1.0,4.74493212836325,True,False,True,False,True,False,True,False,False,True,False,1,4547,8.42222295382501,0.3194444444444444,4227.555555555556
2.0,1.0,4.394449154672439,False,True,False,True,True,False,True,False,False,True,False,1,2957,7.9919305198524775,0.225,2732.0
2.0,1.0,4.727387818712341,True,False,False,True,True,False,True,False,False,True,False,1,3663,8.206037762778815,0.23541666666666666,3427.5833333333335
0.0,1.0,4.919980925828125,True,False,False,True,True,False,True,False,False,True,False,1,4786,8.47345026846832,0.38055555555555554,4405.444444444444
0.0,1.0,4.804021044733257,False,True,False,True,True,False,True,False,False,True,False,1,4732,8.462103225098277,0.3388888888888889,4393.111111111111
1.0,1.0,4.564348191467836,False,True,False,True,True,False,True,False,False,True,False,1,3315,8.106212902619962,0.26666666666666666,3048.3333333333335
0.0,0.0,4.882801922586371,False,True,False,True,True,False,True,False,True,False,False,0,7859,8.969414650866176,0.7333333333333333,7125.666666666667
0.0,1.0,3.912023005428146,False,True,False,True,True,False,True,False,False,True,False,1,2974,7.9976631270201,0.1388888888888889,2835.1111111111113
2.0,1.0,5.043425116919247,False,True,False,True,True,False,True,False,False,True,False,1,5185,8.553525120663627,0.4305555555555556,4754.444444444444
3.0,1.0,5.703782474656201,False,True,False,True,True,False,True,False,True,False,False,1,15000,9.615805480084347,0.8333333333333334,14166.666666666666
0.0,1.0,4.820281565605037,True,False,False,True,False,True,True,False,True,False,False,1,4100,8.318742252692399,0.34444444444444444,3755.5555555555557
0.0,0.0,4.962844630259907,True,False,True,False,True,False,True,False,False,False,True,0,5417,8.597297435657898,0.29791666666666666,5119.083333333333
0.0,1.0,5.41610040220442,True,False,True,False,False,True,False,True,False,True,False,1,17263,9.756320761816548,0.625,16638.0
0.0,0.0,4.919980925828125,True,False,True,False,True,False,True,False,False,True,False,1,11117,9.316230747233615,0.38055555555555554,10736.444444444445
1.0,1.0,5.560681631015528,False,True,False,True,True,False,True,False,False,True,False,0,33846,10.429576102968031,0.7222222222222222,33123.77777777778
3.0,1.0,4.852030263919617,False,True,False,True,False,True,True,False,False,False,True,0,3992,8.292047637431354,0.7111111111111111,3280.8888888888887
0.0,1.0,4.882801922586371,True,False,True,False,True,False,True,False,True,False,False,1,6151,8.724369949208368,0.36666666666666664,5784.333333333333
2.0,1.0,4.718498871295094,False,True,False,True,True,False,True,False,False,False,True,1,9703,9.1801903950253,0.3111111111111111,9391.888888888889
0.0,1.0,6.003887067106539,False,True,True,False,True,False,True,False,False,True,False,1,12876,9.463120392418698,1.125,11751.0
0.0,1.0,4.927253685157205,False,True,False,True,True,False,True,False,True,False,False,1,5829,8.67060073804555,0.38333333333333336,5445.666666666667
0.0,0.0,4.77912349311153,False,True,False,True,True,False,True,False,True,False,False,0,5754,8.657650544111494,0.33055555555555555,5423.444444444444
0.0,1.0,4.564348191467836,False,True,False,True,True,False,True,False,False,True,False,1,14880,9.607773308387083,0.26666666666666666,14613.333333333334
0.0,0.0,4.59511985013459,True,False,True,False,True,False,True,False,False,True,False,0,2138,7.6676260915849905,0.275,1863.0
0.0,1.0,4.634728988229636,False,True,True,False,True,False,True,False,False,True,False,1,22500,10.021270588192511,0.2861111111111111,22213.88888888889
0.0,1.0,4.532599493153256,True,False,True,False,True,False,True,False,True,False,False,1,3692,8.213923595622743,0.25833333333333336,3433.6666666666665
0.0,1.0,4.382026634673881,False,True,True,False,False,True,True,False,False,True,False,0,3358,8.119100837637486,2.2222222222222223,1135.7777777777778
1.0,1.0,6.396929655216146,True,False,False,True,True,False,False,True,False,True,False,1,19484,9.877348894926433,1.6666666666666667,17817.333333333332
0.0,1.0,5.1647859739235145,False,True,False,True,True,False,True,False,False,True,False,1,8588,9.058121158998672,0.4861111111111111,8101.888888888889
1.0,1.0,5.062595033026967,False,True,False,True,False,True,True,False,False,False,True,1,5783,8.662677858158219,0.4388888888888889,5344.111111111111
2.0,1.0,4.897839799950911,False,True,False,True,True,False,True,False,False,False,True,0,4616,8.437283808187935,0.37222222222222223,4243.777777777777
2.0,1.0,4.844187086458591,True,False,False,True,True,False,True,False,False,True,False,1,6666,8.804775258867686,0.3527777777777778,6313.222222222223
0.0,1.0,5.204006687076795,False,True,False,True,True,False,True,False,True,False,False,0,8649,9.065198986306513,0.5055555555555555,8143.444444444444
1.0,1.0,3.258096538021482,False,True,False,True,True,False,True,False,False,True,False,1,6500,8.779557455883728,0.07222222222222222,6427.777777777777
0.0,1.0,4.189654742026425,True,False,True,False,False,True,True,False,True,False,False,1,2213,7.70210434005105,0.18333333333333332,2029.6666666666667
1.0,1.0,4.882801922586371,True,False,True,False,False,True,True,False,False,True,False,1,5191,8.55468163582723,0.36666666666666664,4824.333333333333
3.0,1.0,5.560681631015528,False,True,False,True,True,False,False,True,False,True,False,1,10139,9.22414465295258,0.7222222222222222,9416.777777777777
3.0,0.0,5.886104031450156,False,True,False,True,True,False,True,False,True,False,False,0,81000,11.302204433654575,1.0,80000.0
0.0,1.0,4.727387818712341,True,False,True,False,True,False,True,False,True,False,False,1,4328,8.372860820526318,0.23541666666666666,4092.5833333333335
1.0,1.0,5.075173815233827,True,False,True,False,True,False,True,False,False,False,True,0,2600,7.8632667240095735,0.4444444444444444,2155.5555555555557
0.0,1.0,4.882801922586371,False,True,True,False,False,True,True,False,False,True,False,1,3946,8.28045768658256,0.36666666666666664,3579.3333333333335
0.0,1.0,5.560681631015528,False,True,False,True,True,False,False,True,False,False,True,1,16120,9.68781601606062,0.7222222222222222,15397.777777777777
0.0,1.0,5.147494476813453,False,True,False,True,True,False,True,False,False,True,False,1,5717,8.651199471263972,0.4777777777777778,5239.222222222223
3.0,0.0,5.075173815233827,False,True,False,True,True,False,True,False,False,False,True,1,6144,8.723231274827508,0.4444444444444444,5699.555555555556
2.0,0.0,4.882801922586371,False,True,False,True,True,False,True,False,False,True,False,0,4745,8.464846711044029,0.36666666666666664,4378.333333333333
0.0,1.0,4.0943445622221,False,True,True,False,False,True,True,False,False,False,True,1,2717,7.907283609426348,0.3333333333333333,2383.6666666666665
0.0,0.0,5.0238805208462765,False,True,False,True,False,True,True,False,True,False,False,0,7686,8.94715577112479,0.4222222222222222,7263.777777777777
0.0,0.0,4.624972813284271,False,True,True,False,False,True,True,False,False,False,True,0,3784,8.238536930171769,0.2125,3571.5
2.0,1.0,5.231108616854587,False,True,False,True,True,False,True,False,False,False,True,1,7583,8.933664178700935,0.5194444444444445,7063.555555555556
1.0,1.0,5.062595033026967,False,True,False,True,True,False,True,False,False,False,True,1,6583,8.792245847467877,0.4388888888888889,6144.111111111111
0.0,1.0,4.941642422609304,False,True,True,False,True,False,True,False,True,False,False,1,6000,8.699514748210191,0.3888888888888889,5611.111111111111
1.0,0.0,4.709530201312334,False,True,True,False,True,False,True,False,False,False,True,0,5049,8.526945482858915,0.6166666666666667,4432.333333333333
0.0,1.0,5.068904202220232,False,True,False,True,True,False,True,False,True,False,False,0,4316,8.370084326378025,0.44166666666666665,3874.3333333333335
0.0,1.0,5.0238805208462765,False,True,False,True,True,False,False,True,True,False,False,1,6327,8.752581469146884,0.4222222222222222,5904.777777777777
0.0,1.0,4.564348191467836,False,True,True,False,True,False,True,False,False,False,True,0,3583,8.183955717304954,0.26666666666666666,3316.3333333333335
0.0,1.0,5.634789603169249,True,False,True,False,True,False,True,False,False,True,False,1,8333,9.027978814382207,0.7777777777777778,7555.222222222223
0.0,1.0,4.90527477843843,True,False,True,False,True,False,True,False,True,False,False,1,5428,8.59932602095476,0.375,5053.0
0.0,1.0,5.19295685089021,False,True,False,True,True,False,True,False,True,False,False,1,9734,9.1833801903934,0.5,9234.0
0.0,1.0,4.31748811353631,False,True,False,True,True,False,True,False,False,False,True,1,9323,9.140239744296693,0.4166666666666667,8906.333333333334
0.0,1.0,4.477336814478207,False,True,False,True,True,False,True,False,False,False,True,1,4192,8.340933226000878,0.24444444444444444,3947.5555555555557
0.0,1.0,4.430816798843313,True,False,False,True,True,False,True,False,True,False,False,0,4583,8.430109084509125,0.23333333333333334,4349.666666666667
1.0,1.0,4.127134385045092,True,False,True,False,False,True,False,True,False,True,False,0,3867,8.260234291607297,0.17222222222222222,3694.777777777778
0.0,1.0,4.787491742782046,True,False,True,False,False,True,True,False,False,False,True,1,4272,8.35983738064003,0.3333333333333333,3938.6666666666665
2.0,1.0,5.231108616854587,False,True,False,True,False,True,False,True,True,False,False,0,7383,8.906935339059165,0.5194444444444445,6863.555555555556
0.0,1.0,5.717027701406222,False,True,False,True,True,False,True,False,True,False,False,0,16783,9.72812174830818,0.8444444444444444,15938.555555555555
0.0,1.0,4.787491742782046,False,True,True,False,False,True,True,False,True,False,False,1,5787,8.663369301573839,0.3333333333333333,5453.666666666667
1.0,1.0,5.220355825078324,False,True,False,True,True,False,True,False,True,False,False,1,14583,9.587611745713565,1.0277777777777777,13555.222222222223
0.0,1.0,5.19295685089021,False,True,False,True,True,False,True,False,True,False,False,1,8334,9.0280988119824,0.5,7834.0
0.0,1.0,4.564348191467836,False,True,True,False,False,True,True,False,False,True,False,1,5484,8.609590040682205,0.26666666666666666,5217.333333333333
3.0,1.0,4.867534450455582,False,True,False,True,True,False,True,False,True,False,False,1,13746,9.52850315168155,0.3611111111111111,13384.888888888889
2.0,1.0,4.605170185988092,False,True,False,True,True,False,True,False,False,False,True,0,4566,8.42639282708974,0.2777777777777778,4288.222222222223
0.0,1.0,4.852030263919617,False,True,False,True,True,False,True,False,False,True,False,1,6250,8.740336742730447,0.35555555555555557,5894.444444444444
0.0,1.0,4.499809670330265,False,True,True,False,True,False,True,False,False,False,True,0,35673,10.482149379105689,0.25,35423.0
3.0,1.0,4.605170185988092,False,True,False,True,True,False,True,False,False,True,False,1,4691,8.453401058328458,0.2777777777777778,4413.222222222223
2.0,1.0,4.836281906951478,False,True,False,True,False,True,True,False,False,False,True,1,5251,8.566173813637858,0.35,4901.0
0.0,1.0,4.852030263919617,False,True,True,False,True,False,True,False,True,False,False,1,5505,8.61341204915678,0.35555555555555557,5149.444444444444
1.0,1.0,6.206575926724928,True,False,False,True,True,False,True,False,False,True,False,1,12000,9.392661928770137,1.3777777777777778,10622.222222222223
1.0,1.0,4.867534450455582,False,True,False,True,True,False,False,True,True,False,False,1,4676,8.450198322591959,0.3611111111111111,4314.888888888889
0.0,1.0,4.48863636973214,False,True,True,False,True,False,True,False,True,False,False,1,6211,8.734077192559303,0.24722222222222223,5963.777777777777
0.0,1.0,4.787491742782046,False,True,False,True,False,True,True,False,True,False,False,1,4467,8.404472321352118,0.3333333333333333,4133.666666666667
0.0,1.0,4.897839799950911,False,True,False,True,True,False,True,False,False,True,False,1,6277,8.744647438317532,0.37222222222222223,5904.777777777777
0.0,1.0,4.787491742782046,False,True,True,False,False,True,True,False,True,False,False,0,7333,8.9001399880938,0.3333333333333333,6999.666666666667
0.0,1.0,5.220355825078324,False,True,True,False,True,False,True,False,False,True,False,0,6598,8.794521851788527,0.5138888888888888,6084.111111111111
0.0,1.0,5.455321115357702,False,True,False,True,True,False,True,False,False,True,False,1,10833,9.290352309945568,0.65,10183.0
0.0,1.0,3.218875824868201,False,True,False,True,True,False,False,True,False,True,False,1,3459,8.148734808937169,0.20833333333333334,3250.6666666666665
0.0,1.0,5.231108616854587,False,True,True,False,True,False,True,False,False,True,False,1,8724,9.07383312732152,0.5194444444444445,8204.555555555555
1.0,1.0,5.521460917862246,False,True,False,True,True,False,True,False,False,True,False,1,8069,8.995784837848506,0.6944444444444444,7374.555555555556
0.0,1.0,4.564348191467836,False,True,False,True,False,True,False,True,False,False,True,1,4695,8.454253391642363,0.26666666666666666,4428.333333333333
2.0,1.0,5.298317366548036,False,True,False,True,True,False,True,False,False,True,False,1,8000,8.987196820661973,0.5555555555555556,7444.444444444444
0.0,1.0,5.552959584921617,False,True,False,True,True,False,True,False,False,True,False,0,10321,9.241935933565934,0.7166666666666667,9604.333333333334
0.0,1.0,3.9889840465642745,True,False,True,False,True,False,True,False,False,False,True,1,3477,8.153925132007862,0.15,3327.0
0.0,1.0,4.912654885736052,False,True,True,False,True,False,True,False,False,True,False,1,4897,8.496378051702317,0.37777777777777777,4519.222222222223
0.0,1.0,5.043425116919247,False,True,True,False,True,False,True,False,False,False,True,1,8666,9.067162602299854,2.5833333333333335,6082.666666666666
1.0,0.0,4.189654742026425,False,True,False,True,True,False,False,True,True,False,False,0,2178,7.686162303492906,0.22,1958.0
0.0,0.0,4.867534450455582,False,True,True,False,True,False,True,False,True,False,False,1,4917,8.50045386741194,0.3611111111111111,4555.888888888889
0.0,1.0,5.541263545158426,False,True,False,True,True,False,True,False,False,True,False,1,10208,9.23092700558457,0.7083333333333334,9499.666666666666
2.0,1.0,5.298317366548036,False,True,False,True,True,False,True,False,False,False,True,1,11179,9.321792297270326,0.5555555555555556,10623.444444444445
0.0,1.0,4.852030263919617,False,True,False,True,True,False,True,False,False,False,True,1,4342,8.376090350438238,0.35555555555555557,3986.4444444444443
0.0,1.0,3.555348061489413,False,True,True,False,False,True,True,False,False,False,True,0,1442,7.273786317844895,0.09722222222222222,1344.7777777777778
0.0,1.0,4.553876891600541,False,True,False,True,False,True,True,False,True,False,False,1,3589,8.185628891147607,0.2638888888888889,3325.1111111111113
0.0,1.0,5.1647859739235145,False,True,True,False,True,False,False,True,False,True,False,1,6950,8.846496938558838,0.9722222222222222,5977.777777777777
0.0,1.0,5.541263545158426,False,True,False,True,True,False,True,False,False,False,True,0,5746,8.656259239539235,0.7083333333333334,5037.666666666667
2.0,1.0,4.852030263919617,False,True,False,True,True,False,True,False,False,False,True,0,4550,8.422882511944996,0.35555555555555557,4194.444444444444
2.0,1.0,4.997212273764115,False,True,False,True,True,False,True,False,False,False,True,1,5318,8.578852571802965,0.4111111111111111,4906.888888888889
2.0,1.0,4.7535901911063645,False,True,False,True,True,False,True,False,False,True,False,1,5726,8.65277248565806,0.32222222222222224,5403.777777777777
0.0,1.0,4.430816798843313,True,False,True,False,True,False,True,False,False,False,True,1,4292,8.36450810375059,0.23333333333333334,4058.6666666666665
0.0,1.0,4.852030263919617,False,True,True,False,True,False,True,False,False,False,True,0,6782,8.822027322685583,0.35555555555555557,6426.444444444444
0.0,1.0,4.787491742782046,True,False,True,False,True,False,True,False,False,True,False,1,3086,8.034631032923107,0.3333333333333333,2752.6666666666665
2.0,1.0,4.787491742782046,False,True,False,True,True,False,True,False,True,False,False,1,10819,9.289059126687574,0.3333333333333333,10485.666666666666
2.0,0.0,4.700480365792417,False,True,True,False,True,False,True,False,True,False,False,0,3588,8.185350223178686,0.3055555555555556,3282.4444444444443
0.0,1.0,5.730099782973574,False,True,True,False,True,False,True,False,True,False,False,0,12917,9.466299552232016,0.8555555555555555,12061.444444444445
1.0,1.0,4.543294782270004,False,True,True,False,False,True,True,False,False,True,False,1,3981,8.289288323000317,0.2611111111111111,3719.8888888888887
1.0,1.0,4.7535901911063645,False,True,False,True,True,False,True,False,False,True,False,1,3750,8.229511118964457,0.32222222222222224,3427.777777777778
0.0,1.0,5.075173815233827,False,True,False,True,True,False,False,True,False,True,False,1,6166,8.726805608446096,0.4444444444444444,5721.555555555556
0.0,1.0,4.189654742026425,False,True,False,True,False,True,True,False,True,False,False,0,3453,8.146998697389993,0.18333333333333332,3269.6666666666665
0.0,1.0,3.8501476017100575,False,True,True,False,True,False,True,False,False,False,True,1,3013,8.0106915391303,0.13055555555555556,2882.4444444444443
3.0,0.0,4.812184355372417,False,True,False,True,True,False,True,False,True,False,False,0,5900,8.68270762989381,0.3416666666666667,5558.333333333333
0.0,1.0,4.8283137373023015,True,False,True,False,False,True,False,True,False,False,True,1,18165,9.807251944655302,0.3472222222222222,17817.777777777777
0.0,1.0,4.382026634673881,True,False,True,False,True,False,True,False,False,False,True,1,3244,8.084562415235304,0.2222222222222222,3021.777777777778
0.0,1.0,4.787491742782046,False,True,False,True,True,False,True,False,False,False,True,1,4698,8.454892165218858,0.3333333333333333,4364.666666666667
2.0,1.0,4.356708826689592,False,True,False,True,True,False,True,False,False,False,True,1,3287,8.097730573664219,0.43333333333333335,2853.6666666666665
0.0,0.0,4.605170185988092,False,True,False,True,False,True,True,False,False,False,True,0,4666,8.448057452581375,0.20833333333333334,4457.666666666667
0.0,1.0,4.553876891600541,False,True,False,True,True,False,True,False,False,False,True,1,4492,8.410053315858335,0.2638888888888889,4228.111111111111
0.0,0.0,5.2574953720277815,False,True,True,False,True,False,False,True,False,False,True,0,16250,9.695848187757884,0.5333333333333333,15716.666666666666
0.0,1.0,4.875197323201151,False,True,False,True,True,False,True,False,False,True,False,1,5502,8.61286694148452,0.3638888888888889,5138.111111111111
0.0,1.0,4.948759890378168,False,True,True,False,True,False,True,False,False,False,True,1,6000,8.699514748210191,0.39166666666666666,5608.333333333333
0.0,0.0,4.74493212836325,False,True,True,False,False,True,True,False,True,False,False,0,6045,8.706986763048892,0.3194444444444444,5725.555555555556
0.0,0.0,4.912654885736052,False,True,False,True,True,False,True,False,False,True,False,0,5297,8.574895901544526,0.37777777777777777,4919.222222222223
0.0,1.0,5.043425116919247,False,True,False,True,True,False,True,False,True,False,False,1,4718,8.45914025996762,0.4305555555555556,4287.444444444444
1.0,1.0,5.010635294096256,True,False,True,False,True,False,False,True,False,True,False,1,8624,9.06230429314878,0.4166666666666667,8207.333333333334
2.0,1.0,4.890349128221754,False,True,False,True,False,True,True,False,False,False,True,1,7551,8.929435283803425,0.7388888888888889,6812.111111111111
0.0,1.0,4.927253685157205,False,True,False,True,False,True,False,True,False,False,True,0,4735,8.462737005620179,0.38333333333333336,4351.666666666667
2.0,0.0,5.010635294096256,False,True,False,True,True,False,True,False,True,False,False,0,5050,8.527143522269405,0.4166666666666667,4633.333333333333
0.0,1.0,5.204006687076795,True,False,False,True,True,False,True,False,False,True,False,1,6486,8.777401286867264,0.5055555555555555,5980.444444444444
1.0,1.0,5.147494476813453,False,True,False,True,True,False,True,False,True,False,False,0,7283,8.893298144217916,2.0476190476190474,5235.380952380952
3.0,1.0,4.867534450455582,False,True,False,True,False,True,False,True,True,False,False,1,5703,8.648747631156539,0.3611111111111111,5341.888888888889
3.0,1.0,5.298317366548036,False,True,False,True,True,False,True,False,False,True,False,1,8334,9.0280988119824,0.5555555555555556,7778.444444444444
3.0,1.0,6.551080335043404,False,True,False,True,True,False,True,False,False,False,True,1,51763,10.854430887309706,2.3333333333333335,49429.666666666664
0.0,1.0,4.74493212836325,False,True,False,True,False,True,True,False,False,True,False,1,4188,8.339978571990427,0.6388888888888888,3549.1111111111113
2.0,1.0,4.897839799950911,False,True,False,True,True,False,True,False,False,False,True,1,4713,8.45807992692373,0.37222222222222223,4340.777777777777
3.0,1.0,4.605170185988092,False,True,False,True,False,True,True,False,False,True,False,1,4833,8.483222671845084,0.2777777777777778,4555.222222222223
3.0,1.0,4.59511985013459,False,True,False,True,True,False,True,False,False,False,True,1,3029,8.015987811027237,0.275,2754.0
0.0,1.0,4.74493212836325,False,True,False,True,False,True,True,False,False,False,True,1,4567,8.426611813185,0.3194444444444444,4247.555555555556
2.0,1.0,5.337538079701318,False,True,False,True,True,False,True,False,False,True,False,1,10489,9.258082367961604,0.5777777777777777,9911.222222222223
0.0,1.0,4.969813299576001,False,True,False,True,True,False,True,False,False,False,True,1,5821,8.669227347271736,0.4,5421.0
1.0,1.0,4.663439094112067,False,True,True,False,True,False,False,True,True,False,False,0,4692,8.453614209773367,0.29444444444444445,4397.555555555556
1.0,1.0,4.499809670330265,False,True,False,True,False,True,True,False,False,True,False,1,5100,8.536995818712418,0.25,4850.0
0.0,1.0,4.624972813284271,False,True,True,False,True,False,True,False,False,True,False,1,4895,8.49596955496461,0.2833333333333333,4611.666666666667
2.0,1.0,4.700480365792417,False,True,False,True,False,True,True,False,False,False,True,1,5266,8.569026340056254,0.3055555555555556,4960.444444444444
0.0,1.0,5.780743515792329,False,True,False,True,True,False,True,False,False,False,True,1,10039,9.214232786691527,0.9,9139.0
1.0,1.0,4.6443908991413725,False,True,False,True,True,False,True,False,False,True,False,1,4545,8.421783006611578,0.28888888888888886,4256.111111111111
0.0,1.0,4.31748811353631,False,True,True,False,True,False,True,False,False,False,True,0,2435,7.79770203551669,0.20833333333333334,2226.6666666666665
0.0,1.0,4.262679877041316,False,True,True,False,True,False,True,False,False,False,True,0,3069,8.029107054619736,0.14791666666666667,2921.0833333333335
0.0,1.0,4.74493212836325,True,False,True,False,True,False,True,False,False,True,False,1,4124,8.32457884513685,0.3194444444444444,3804.5555555555557
0.0,1.0,4.718498871295094,False,True,False,True,True,False,True,False,True,False,False,1,3798,8.242229891372231,0.3111111111111111,3486.8888888888887
3.0,1.0,5.616771097666572,False,True,False,True,True,False,True,False,True,False,False,1,9504,9.159468041602427,0.7638888888888888,8740.111111111111
1.0,1.0,4.553876891600541,False,True,False,True,True,False,False,True,False,True,False,1,2895,7.970740390007095,0.2638888888888889,2631.1111111111113
0.0,0.0,5.488937726156687,False,True,True,False,True,False,True,False,False,True,False,0,14999,9.61573881119536,0.6722222222222223,14326.777777777777
0.0,0.0,5.10594547390058,False,True,False,True,False,True,False,True,True,False,False,0,6058,8.709134991587183,0.9166666666666666,5141.333333333333
1.0,0.0,4.727387818712341,False,True,False,True,False,True,True,False,True,False,False,0,4153,8.331586243630754,0.6277777777777778,3525.222222222222
1.0,0.0,5.075173815233827,False,True,False,True,True,False,False,True,False,False,True,0,14363,9.572410734431823,0.8888888888888888,13474.111111111111
0.0,0.0,4.477336814478207,False,True,True,False,True,False,True,False,False,True,False,0,2987,8.00202481821611,0.24444444444444444,2742.5555555555557
2.0,1.0,3.80666248977032,False,True,False,True,False,True,True,False,False,True,False,1,3934,8.277411998949004,0.125,3809.0
0.0,0.0,4.7535901911063645,True,False,True,False,True,False,True,False,False,True,False,0,4166,8.334711621820917,0.32222222222222224,3843.777777777778
2.0,1.0,2.833213344056216,False,True,False,True,True,False,True,False,False,False,True,1,2385,7.776954403322442,0.14166666666666666,2243.3333333333335
1.0,1.0,5.075173815233827,False,True,False,True,True,False,True,False,True,False,False,1,6000,8.699514748210191,0.4444444444444444,5555.555555555556
0.0,1.0,4.382026634673881,False,True,True,False,True,False,True,False,False,False,True,0,3600,8.1886891244442,0.2222222222222222,3377.777777777778
0.0,1.0,4.700480365792417,False,True,True,False,False,True,True,False,True,False,False,1,3691,8.213652703029998,0.3055555555555556,3385.4444444444443
2.0,1.0,4.867534450455582,False,True,False,True,True,False,True,False,False,False,True,1,5391,8.592486175451668,0.3611111111111111,5029.888888888889
0.0,1.0,4.060443010546419,False,True,False,True,True,False,True,False,True,False,False,1,4521,8.416488487294606,0.16111111111111112,4359.888888888889
0.0,1.0,4.90527477843843,False,True,False,True,True,False,True,False,True,False,False,0,1950,7.575584651557793,0.375,1575.0
0.0,1.0,4.718498871295094,True,False,True,False,True,False,True,False,False,True,False,0,4230,8.349957272040324,0.3111111111111111,3918.8888888888887
2.0,1.0,5.170483995038151,False,True,False,True,True,False,False,True,True,False,False,1,7100,8.867850063029406,0.4888888888888889,6611.111111111111
3.0,1.0,4.700480365792417,False,True,False,True,True,False,True,False,False,False,True,1,5666,8.642238680390461,0.3055555555555556,5360.444444444444
2.0,1.0,4.927253685157205,True,False,True,False,True,False,True,False,False,False,True,0,3427,8.139440521874608,0.38333333333333336,3043.6666666666665
3.0,1.0,4.852030263919617,False,True,False,True,True,False,True,False,False,False,True,1,7740,8.954156966583772,0.7111111111111111,7028.888888888889
2.0,1.0,4.564348191467836,False,True,False,True,True,False,True,False,False,True,False,1,3859,8.258163361537619,0.26666666666666666,3592.3333333333335
1.0,1.0,5.53338948872752,False,True,False,True,True,False,True,False,False,False,True,1,8312,9.025455532779063,0.7027777777777777,7609.222222222223
1.0,1.0,4.499809670330265,True,False,True,False,True,False,True,False,False,False,True,1,4436,8.397508348470257,0.25,4186.0
2.0,0.0,5.111987788356544,False,True,True,False,True,False,True,False,False,True,False,1,4923,8.5016733797582,0.46111111111111114,4461.888888888889
0.0,1.0,5.616771097666572,False,True,False,True,True,False,True,False,False,False,True,0,7933,8.978786553302003,0.7638888888888888,7169.111111111111
0.0,1.0,4.174387269895637,False,True,True,False,False,True,True,False,True,False,False,0,2755,7.9211727215870145,0.21666666666666667,2538.3333333333335
2.0,1.0,5.438079308923196,False,True,False,True,True,False,True,False,False,True,False,1,8450,9.041921720351219,0.7666666666666667,7683.333333333333
1.0,1.0,4.605170185988092,False,True,False,True,True,False,True,False,False,False,True,1,4082,8.31434234336979,0.2777777777777778,3804.222222222222
0.0,1.0,4.8283137373023015,False,True,False,True,True,False,True,False,True,False,False,1,5488,8.610319169405722,0.3472222222222222,5140.777777777777
1.0,1.0,4.852030263919617,False,True,False,True,True,False,True,False,True,False,False,0,6091,8.714567550836485,0.35555555555555557,5735.444444444444
0.0,0.0,5.10594547390058,False,True,False,True,True,False,True,False,False,False,True,0,6567,8.789812386190972,0.4583333333333333,6108.666666666667
0.0,1.0,4.709530201312334,True,False,True,False,True,False,True,False,False,True,False,1,3846,8.254788926148725,0.30833333333333335,3537.6666666666665
0.0,1.0,4.787491742782046,True,False,True,False,False,True,True,False,False,True,False,1,4408,8.391176350832751,0.3333333333333333,4074.6666666666665
3.0,1.0,5.768320995793772,False,True,True,False,True,False,True,False,True,False,False,0,15500,9.648595302907339,0.8888888888888888,14611.111111111111
0.0,1.0,5.236441962829949,False,True,False,True,True,False,False,True,False,False,True,1,5492,8.61104776688786,0.5222222222222223,4969.777777777777
2.0,1.0,4.890349128221754,False,True,False,True,True,False,True,False,False,True,False,1,5935,8.688622307043769,0.36944444444444446,5565.555555555556
0.0,1.0,4.430816798843313,False,True,True,False,True,False,False,True,False,True,False,1,7085,8.865735152124781,0.23333333333333334,6851.666666666667
0.0,1.0,4.564348191467836,False,True,True,False,True,False,True,False,False,True,False,0,2500,7.824046010856292,0.2,2300.0
2.0,1.0,5.236441962829949,False,True,False,True,True,False,True,False,False,True,False,1,11904,9.384629757072872,1.0444444444444445,10859.555555555555
0.0,1.0,4.262679877041316,True,False,True,False,True,False,True,False,False,True,False,1,4160,8.333270353255308,0.19722222222222222,3962.777777777778
2.0,0.0,5.552959584921617,False,True,False,True,True,False,True,False,False,False,True,0,8799,9.08239335764556,0.7166666666666667,8082.333333333333
0.0,1.0,5.075173815233827,False,True,False,True,True,False,True,False,False,True,False,1,4957,8.508555998020574,0.4444444444444444,4512.555555555556
1.0,1.0,4.941642422609304,False,True,False,True,False,True,True,False,False,False,True,0,4493,8.41027590907016,0.7777777777777778,3715.222222222222
0.0,1.0,4.736198448394496,False,True,True,False,True,False,True,False,True,False,False,0,4693,8.453827315794417,0.31666666666666665,4376.333333333333
1.0,1.0,4.709530201312334,False,True,False,True,False,True,True,False,False,False,True,1,5039,8.524962928680598,0.6166666666666667,4422.333333333333
0.0,0.0,4.852030263919617,False,True,False,True,False,True,True,False,False,False,True,0,6146,8.72355674269043,0.35555555555555557,5790.444444444444
0.0,1.0,5.010635294096256,False,True,False,True,True,False,True,False,False,True,False,1,4843,8.48528964240323,0.4166666666666667,4426.333333333333
0.0,1.0,4.718498871295094,True,False,False,True,True,False,True,False,True,False,False,0,4583,8.430109084509125,0.3111111111111111,4271.888888888889
0.0,1.0,4.68213122712422,False,True,False,True,True,False,True,False,True,False,False,1,5182,8.552946361122055,0.3,4882.0
2.0,1.0,5.5053315359323625,False,True,False,True,True,False,True,False,False,True,False,1,8333,9.027978814382207,0.6833333333333333,7649.666666666667
2.0,1.0,5.2574953720277815,False,True,False,True,True,False,True,False,False,False,True,1,5780,8.662158961666423,0.5333333333333333,5246.666666666667
0.0,1.0,4.820281565605037,False,True,False,True,False,True,True,False,False,True,False,1,5297,8.574895901544526,0.41333333333333333,4883.666666666667
2.0,1.0,4.68213122712422,False,True,False,True,True,False,False,True,True,False,False,1,7550,8.92930284224307,0.3,7250.0
0.0,1.0,4.248495242049359,False,True,True,False,True,False,True,False,False,False,True,1,3333,8.11162807830774,0.19444444444444445,3138.5555555555557
0.0,1.0,5.351858133476067,False,True,False,True,True,False,True,False,True,False,False,1,7977,8.984317679911129,0.5861111111111111,7390.888888888889
0.0,1.0,5.236441962829949,False,True,False,True,True,False,True,False,True,False,False,1,9328,9.140775908590273,1.0444444444444445,8283.555555555555
2.0,1.0,5.010635294096256,False,True,False,True,True,False,False,True,True,False,False,1,17539,9.772182251758139,0.4166666666666667,17122.333333333332
0.0,1.0,4.605170185988092,False,True,True,False,False,True,True,False,True,False,False,0,4885,8.493924564476883,0.2777777777777778,4607.222222222223
1.0,1.0,5.19295685089021,False,True,False,True,True,False,True,False,False,False,True,1,10330,9.242807562113684,0.5,9830.0
2.0,1.0,5.087596335232384,False,True,True,False,True,False,True,False,True,False,False,1,10180,9.228180290104513,0.45,9730.0
2.0,1.0,4.68213122712422,False,True,False,True,False,True,True,False,False,True,False,1,3917,8.27308133366583,0.3,3617.0
0.0,1.0,4.6443908991413725,False,True,True,False,False,True,False,True,True,False,False,1,4750,8.465899897028686,0.28888888888888886,4461.111111111111
1.0,1.0,5.752572638825633,False,True,False,True,True,False,True,False,False,False,True,1,11580,9.357034751126987,0.875,10705.0
2.0,1.0,4.969813299576001,False,True,False,True,True,False,False,True,True,False,False,1,5746,8.656259239539235,1.7142857142857142,4031.714285714286
0.0,1.0,5.075173815233827,False,True,False,True,True,False,True,False,False,True,False,0,8334,9.0280988119824,0.4444444444444444,7889.555555555556
0.0,1.0,4.584967478670572,False,True,False,True,False,True,True,False,False,True,False,1,2904,7.973844375944687,0.2722222222222222,2631.777777777778
0.0,1.0,5.332718793265369,False,True,False,True,True,False,True,False,False,True,False,1,7267,8.891098830616636,0.575,6692.0
0.0,1.0,5.099866427824199,False,True,True,False,True,False,True,False,False,True,False,0,12000,9.392661928770137,0.45555555555555555,11544.444444444445
1.0,1.0,4.727387818712341,False,True,True,False,True,False,True,False,False,False,True,1,3667,8.207129168071326,0.6277777777777778,3039.222222222222
0.0,1.0,4.700480365792417,False,True,False,True,False,True,True,False,True,False,False,1,4286,8.363109176033522,0.3055555555555556,3980.4444444444443
1.0,1.0,5.225746673713202,False,True,False,True,False,True,True,False,False,False,True,1,6464,8.774003600200931,0.5166666666666667,5947.333333333333
3.0,1.0,4.30406509320417,False,True,False,True,False,True,True,False,False,True,False,1,3173,8.062432791583195,0.20555555555555555,2967.4444444444443
0.0,1.0,6.173786103901937,False,True,True,False,True,False,True,False,True,False,False,0,20233,9.915070213779195,1.3333333333333333,18899.666666666668
0.0,1.0,6.476972362889683,False,True,True,False,True,False,False,True,False,False,True,1,20166,9.91175329695316,1.3541666666666667,18811.833333333332
0.0,1.0,4.875197323201151,False,True,False,True,True,False,True,False,False,True,False,1,5300,8.575462099540212,0.3638888888888889,4936.111111111111
2.0,1.0,5.940171252720432,False,True,False,True,True,False,False,True,True,False,False,1,17196,9.752432077616172,1.2666666666666666,15929.333333333334
0.0,1.0,4.6443908991413725,False,True,False,True,True,False,True,False,False,True,False,1,4618,8.43771698991444,0.28888888888888886,4329.111111111111
2.0,1.0,4.912654885736052,False,True,True,False,True,False,True,False,True,False,False,1,4354,8.378850241794492,0.37777777777777777,3976.222222222222
1.0,1.0,4.762173934797756,False,True,True,False,True,False,True,False,False,False,True,1,6177,8.728587995695898,0.325,5852.0
0.0,1.0,4.919980925828125,False,True,False,True,True,False,True,False,False,False,True,1,6194,8.731336360533149,0.38055555555555554,5813.444444444444
3.0,0.0,4.248495242049359,False,True,False,True,False,True,True,False,False,False,True,0,4611,8.436200032206706,0.3888888888888889,4222.111111111111
0.0,1.0,3.784189633918261,True,False,True,False,True,False,True,False,False,True,False,1,4166,8.334711621820917,0.12222222222222222,4043.777777777778
0.0,0.0,4.6443908991413725,False,True,False,True,False,True,True,False,False,False,True,0,7660,8.943767262734637,0.28888888888888886,7371.111111111111
2.0,1.0,4.574710978503383,False,True,False,True,False,True,False,True,False,True,False,1,3750,8.229511118964457,0.26944444444444443,3480.5555555555557
2.0,1.0,5.41610040220442,False,True,False,True,True,False,True,False,False,False,True,1,12543,9.436918020024674,0.625,11918.0
0.0,1.0,3.4011973816621555,True,False,True,False,True,False,True,False,False,False,True,1,3237,8.082402253926244,0.08333333333333333,3153.6666666666665
0.0,1.0,4.852030263919617,True,False,False,True,True,False,True,False,False,True,False,1,10047,9.215029361462314,0.5333333333333333,9513.666666666666
0.0,1.0,4.852030263919617,False,True,False,True,True,False,True,False,False,False,True,1,13650,9.521494800613105,0.35555555555555557,13294.444444444445
